airline,date_of_journey,source,destination,dep_time,arrival_time,duration,total_stops,additional_info,price
Air India,2019-03-06,Mumbai,Hyderabad,06:00:00,09:10:00,1630,2.0,No Info,13169
Multiple Carriers,2019-05-18,Delhi,Cochin,13:00:00,01:30:00,750,1.0,No Info,9385
Jet Airways,2019-03-21,Banglore,New Delhi,11:40:00,10:25:00,1365,1.0,In-flight meal not included,7832
Air India,2019-05-18,Kolkata,Banglore,12:00:00,18:30:00,1830,2.0,No Info,10361
Goair,2019-05-03,Banglore,Delhi,07:45:00,10:40:00,175,0.0,No Info,3898
Air India,2019-05-27,Delhi,Cochin,13:15:00,09:25:00,1210,2.0,No Info,10467
Indigo,2019-05-09,Delhi,Cochin,11:25:00,21:00:00,575,1.0,No Info,6979
Air Asia,2019-05-27,Delhi,Cochin,16:45:00,22:25:00,340,1.0,No Info,6752
Jet Airways,2019-06-21,Banglore,Delhi,11:10:00,14:05:00,175,0.0,No Info,8016
Multiple Carriers,2019-06-03,Delhi,Cochin,10:35:00,19:00:00,505,1.0,No Info,10877
Jet Airways,2019-05-18,Delhi,Cochin,18:15:00,12:35:00,1100,1.0,In-flight meal not included,12373
Spicejet,2019-05-27,Kolkata,Banglore,17:10:00,19:40:00,150,0.0,No check-in baggage included,3841
Vistara,2019-03-15,Banglore,New Delhi,06:40:00,12:35:00,355,1.0,No Info,6800
Jet Airways,2019-04-01,Mumbai,Hyderabad,10:20:00,11:50:00,90,0.0,No Info,8040
Air India,2019-05-21,Kolkata,Banglore,08:20:00,18:30:00,610,2.0,No Info,10697
Jet Airways,2019-05-18,Kolkata,Banglore,14:05:00,22:35:00,510,1.0,No Info,14781
Jet Airways,2019-03-06,Banglore,New Delhi,08:00:00,13:15:00,315,1.0,No Info,19225
Jet Airways,2019-03-15,Banglore,New Delhi,05:45:00,10:45:00,300,1.0,In-flight meal not included,9134
Jet Airways,2019-05-18,Delhi,Cochin,19:30:00,12:35:00,1025,2.0,No Info,13014
Indigo,2019-06-12,Delhi,Cochin,02:00:00,07:45:00,345,1.0,No Info,6386
Air India,2019-03-21,Delhi,Cochin,06:10:00,23:00:00,1010,1.0,No Info,5704
Jet Airways,2019-05-21,Delhi,Cochin,15:00:00,04:25:00,805,1.0,In-flight meal not included,12898
Spicejet,2019-04-01,Delhi,Cochin,08:45:00,13:15:00,270,1.0,No Info,4812
Jet Airways,2019-05-24,Kolkata,Banglore,08:25:00,20:45:00,740,1.0,No Info,14571
Air India,2019-05-21,Delhi,Cochin,22:00:00,19:15:00,1275,2.0,No Info,10231
Air India,2019-05-12,Kolkata,Banglore,09:25:00,05:35:00,1210,2.0,No Info,11432
Air Asia,2019-03-21,Delhi,Cochin,20:10:00,07:10:00,660,1.0,No Info,6151
Jet Airways,2019-06-27,Delhi,Cochin,11:30:00,12:35:00,1505,1.0,In-flight meal not included,10262
Jet Airways,2019-05-18,Delhi,Cochin,14:00:00,12:35:00,1355,1.0,In-flight meal not included,12373
Indigo,2019-04-12,Kolkata,Banglore,15:30:00,18:05:00,155,0.0,No Info,4174
Multiple Carriers,2019-06-27,Delhi,Cochin,08:00:00,21:00:00,780,1.0,No Info,7408
Spicejet,2019-05-24,Banglore,Delhi,09:30:00,12:20:00,170,0.0,No Info,3625
Spicejet,2019-06-27,Banglore,Delhi,09:30:00,12:20:00,170,0.0,No check-in baggage included,3573
Vistara,2019-04-01,Kolkata,Banglore,17:00:00,20:20:00,1640,1.0,No Info,9135
Indigo,2019-06-24,Banglore,Delhi,08:30:00,11:20:00,170,0.0,No Info,4823
Multiple Carriers,2019-06-09,Delhi,Cochin,07:05:00,16:10:00,545,1.0,No Info,9646
Spicejet,2019-06-06,Banglore,Delhi,21:10:00,00:05:00,175,0.0,No Info,3311
Jet Airways,2019-05-27,Delhi,Cochin,17:30:00,19:00:00,1530,1.0,No Info,16079
Indigo,2019-06-15,Delhi,Cochin,14:20:00,22:30:00,490,1.0,No Info,6412
Jet Airways,2019-06-24,Delhi,Cochin,14:35:00,12:35:00,1320,2.0,No Info,13376
Multiple Carriers,2019-06-15,Delhi,Cochin,13:00:00,21:00:00,480,1.0,No Info,7408
Multiple Carriers,2019-03-09,Delhi,Cochin,13:15:00,22:20:00,545,1.0,No Info,9856
Jet Airways,2019-06-06,Delhi,Cochin,09:00:00,19:00:00,600,1.0,In-flight meal not included,10262
Multiple Carriers,2019-05-09,Delhi,Cochin,10:20:00,19:15:00,535,1.0,No Info,8266
Jet Airways,2019-05-12,Kolkata,Banglore,18:55:00,10:05:00,910,1.0,No Info,14388
Jet Airways,2019-05-21,Delhi,Cochin,02:15:00,12:35:00,620,1.0,No Info,16376
Multiple Carriers,2019-06-01,Delhi,Cochin,18:15:00,01:30:00,435,1.0,No Info,13377
Air India,2019-06-18,Banglore,Delhi,17:00:00,19:50:00,170,0.0,No Info,6961
Multiple Carriers,2019-05-21,Delhi,Cochin,08:30:00,19:00:00,630,1.0,No Info,9627
Air India,2019-03-27,Delhi,Cochin,21:00:00,19:15:00,1335,1.0,No Info,6692
Indigo,2019-05-27,Delhi,Cochin,09:15:00,01:30:00,975,1.0,No Info,6628
Air India,2019-06-24,Delhi,Cochin,03:50:00,19:15:00,925,1.0,No Info,8669
Air Asia,2019-05-21,Banglore,Delhi,23:55:00,02:45:00,170,0.0,No Info,3383
Jet Airways,2019-06-12,Kolkata,Banglore,09:35:00,21:05:00,690,1.0,No Info,12692
Vistara,2019-03-21,Banglore,New Delhi,06:40:00,21:55:00,915,1.0,No Info,6065
Air India,2019-04-09,Delhi,Cochin,05:55:00,07:40:00,1545,2.0,No Info,10021
Vistara,2019-03-15,Delhi,Cochin,06:00:00,09:10:00,190,0.0,No Info,6111
Indigo,2019-05-18,Delhi,Cochin,02:00:00,07:25:00,325,1.0,No Info,7464
Multiple Carriers,2019-06-24,Delhi,Cochin,06:00:00,21:00:00,900,1.0,No Info,7740
Air India,2019-05-06,Kolkata,Banglore,20:30:00,08:55:00,745,1.0,No Info,10203
Jet Airways,2019-06-27,Delhi,Cochin,14:35:00,12:35:00,1320,2.0,No Info,13376
Air India,2019-06-06,Kolkata,Banglore,20:45:00,23:20:00,155,0.0,No Info,4145
Jet Airways,2019-05-09,Delhi,Cochin,11:30:00,19:00:00,450,1.0,No Info,15554
Air Asia,2019-03-09,Kolkata,Banglore,10:20:00,12:55:00,155,0.0,No Info,4384
Air Asia,2019-03-27,Delhi,Cochin,16:45:00,07:10:00,865,1.0,No Info,6151
Jet Airways,2019-06-18,Banglore,Delhi,17:45:00,20:45:00,180,0.0,No Info,8016
Jet Airways,2019-06-24,Delhi,Cochin,14:35:00,04:25:00,830,2.0,No Info,13376
Jet Airways,2019-05-12,Kolkata,Banglore,20:25:00,23:35:00,1630,1.0,No Info,10953
Air India,2019-03-03,Mumbai,Hyderabad,13:55:00,15:25:00,90,0.0,No Info,6092
Jet Airways,2019-06-06,Delhi,Cochin,19:45:00,19:00:00,1395,1.0,No Info,14714
Multiple Carriers,2019-06-15,Delhi,Cochin,10:00:00,19:15:00,555,1.0,No Info,16108
Multiple Carriers,2019-03-06,Delhi,Cochin,11:30:00,18:50:00,440,1.0,No Info,15135
Indigo,2019-06-01,Banglore,Delhi,10:10:00,13:00:00,170,0.0,No Info,3943
Goair,2019-03-24,Banglore,New Delhi,11:40:00,14:35:00,175,0.0,No Info,3898
Jet Airways,2019-06-06,Kolkata,Banglore,16:30:00,22:35:00,365,1.0,In-flight meal not included,10844
Air India,2019-05-09,Kolkata,Banglore,10:00:00,23:15:00,795,1.0,No Info,10203
Jet Airways,2019-06-09,Delhi,Cochin,11:45:00,12:35:00,1490,2.0,No Info,13882
Air Asia,2019-06-15,Kolkata,Banglore,22:50:00,01:20:00,150,0.0,No Info,3807
Jet Airways,2019-05-18,Banglore,Delhi,08:20:00,11:20:00,180,0.0,No Info,7229
Multiple Carriers,2019-05-18,Delhi,Cochin,11:40:00,19:15:00,455,1.0,No Info,9211
Indigo,2019-05-24,Kolkata,Banglore,20:20:00,22:55:00,155,0.0,No Info,4804
Jet Airways,2019-03-12,Banglore,New Delhi,22:55:00,12:25:00,810,1.0,No Info,13817
Air India,2019-06-12,Kolkata,Banglore,12:00:00,07:55:00,1195,2.0,No Info,9416
Jet Airways,2019-03-18,Banglore,New Delhi,22:50:00,09:00:00,610,1.0,In-flight meal not included,11087
Vistara,2019-06-09,Banglore,Delhi,17:00:00,19:35:00,155,0.0,No Info,4878
Multiple Carriers,2019-05-27,Delhi,Cochin,08:45:00,21:00:00,735,1.0,No Info,7740
Indigo,2019-06-21,Banglore,Delhi,21:15:00,00:15:00,180,0.0,No Info,3943
Indigo,2019-06-06,Kolkata,Banglore,21:25:00,00:05:00,160,0.0,No Info,4804
Jet Airways,2019-06-24,Delhi,Cochin,23:05:00,12:35:00,810,2.0,No Info,12819
Air Asia,2019-05-24,Kolkata,Banglore,15:10:00,23:30:00,500,2.0,No Info,5192
Vistara,2019-03-24,Kolkata,Banglore,07:10:00,09:10:00,1560,1.0,No Info,11682
Spicejet,2019-03-15,Banglore,New Delhi,05:45:00,08:35:00,170,0.0,No check-in baggage included,5469
Jet Airways,2019-03-06,Delhi,Cochin,13:55:00,04:25:00,870,1.0,In-flight meal not included,13843
Indigo,2019-06-21,Mumbai,Hyderabad,02:35:00,04:05:00,90,0.0,No Info,2754
Indigo,2019-03-27,Delhi,Cochin,11:30:00,21:00:00,570,1.0,No Info,6416
Jet Airways,2019-05-09,Kolkata,Banglore,21:10:00,10:05:00,775,1.0,In-flight meal not included,9663
Jet Airways,2019-05-15,Kolkata,Banglore,17:00:00,19:10:00,1570,1.0,No Info,14151
Jet Airways,2019-04-01,Kolkata,Banglore,16:30:00,22:35:00,365,1.0,In-flight meal not included,7064
Vistara,2019-06-18,Chennai,Kolkata,17:45:00,20:05:00,140,0.0,No Info,11982
Indigo,2019-04-18,Banglore,Delhi,21:15:00,00:15:00,180,0.0,No Info,4591
Air Asia,2019-06-18,Banglore,Delhi,11:10:00,13:55:00,165,0.0,No Info,3383
Jet Airways,2019-05-06,Banglore,Delhi,18:55:00,22:00:00,185,0.0,No Info,7229
Jet Airways,2019-06-12,Delhi,Cochin,19:45:00,19:00:00,1395,1.0,In-flight meal not included,10262
Multiple Carriers,2019-03-06,Delhi,Cochin,15:05:00,01:35:00,630,2.0,No Info,21483
Multiple Carriers,2019-03-21,Delhi,Cochin,08:00:00,15:30:00,450,1.0,No Info,14486
Indigo,2019-04-15,Banglore,Delhi,08:30:00,11:20:00,170,0.0,No Info,4823
Jet Airways,2019-05-21,Delhi,Cochin,20:55:00,04:25:00,450,1.0,No Info,16079
Indigo,2019-04-27,Kolkata,Banglore,20:20:00,22:55:00,155,0.0,No Info,4804
Jet Airways,2019-05-21,Kolkata,Banglore,20:00:00,08:15:00,735,1.0,No Info,14781
Multiple Carriers,2019-04-09,Delhi,Cochin,07:05:00,18:10:00,665,1.0,No Info,6601
Multiple Carriers,2019-05-27,Delhi,Cochin,17:30:00,01:30:00,480,1.0,In-flight meal not included,7308
Air India,2019-05-21,Kolkata,Banglore,09:25:00,05:25:00,1200,2.0,No Info,14687
Jet Airways,2019-03-24,Kolkata,Banglore,13:55:00,10:05:00,1210,1.0,No Info,14231
Jet Airways,2019-06-06,Delhi,Cochin,14:00:00,04:25:00,865,1.0,In-flight meal not included,10262
Multiple Carriers,2019-05-15,Delhi,Cochin,11:30:00,21:00:00,570,1.0,No Info,13727
Air India,2019-03-03,Banglore,New Delhi,11:05:00,22:45:00,700,1.0,No Info,11444
Multiple Carriers,2019-05-15,Delhi,Cochin,07:10:00,22:30:00,920,1.0,No Info,6513
Air India,2019-03-21,Delhi,Cochin,17:15:00,19:15:00,1560,2.0,No Info,8245
Jet Airways,2019-03-24,Kolkata,Banglore,21:10:00,18:10:00,1260,1.0,In-flight meal not included,10031
Jet Airways,2019-05-01,Kolkata,Banglore,20:25:00,09:45:00,800,1.0,No Info,11467
Air India,2019-04-15,Delhi,Cochin,05:10:00,08:00:00,170,0.0,No Info,6094
Spicejet,2019-06-12,Delhi,Cochin,08:45:00,13:15:00,270,1.0,No check-in baggage included,5158
Vistara,2019-06-01,Delhi,Cochin,14:40:00,17:50:00,190,0.0,No Info,6741
Jet Airways,2019-05-24,Kolkata,Banglore,16:30:00,23:35:00,425,1.0,No Info,14571
Multiple Carriers,2019-03-09,Delhi,Cochin,18:15:00,01:35:00,440,1.0,In-flight meal not included,14086
Vistara,2019-04-01,Kolkata,Banglore,07:10:00,09:05:00,1555,1.0,No Info,7980
Indigo,2019-03-24,Banglore,New Delhi,13:00:00,15:50:00,170,0.0,No Info,5694
Jet Airways,2019-05-01,Kolkata,Banglore,14:05:00,08:15:00,1090,1.0,No Info,13941
Jet Airways,2019-05-09,Delhi,Cochin,19:30:00,12:35:00,1025,2.0,No Info,15129
Jet Airways,2019-05-12,Kolkata,Banglore,20:25:00,21:05:00,1480,1.0,In-flight meal not included,10703
Jet Airways,2019-03-12,Banglore,New Delhi,08:55:00,10:25:00,1530,1.0,In-flight meal not included,11087
Jet Airways,2019-03-18,Banglore,New Delhi,11:40:00,19:10:00,450,1.0,No Info,14815
Jet Airways,2019-05-21,Kolkata,Banglore,16:30:00,23:35:00,425,1.0,No Info,14781
Air India,2019-05-27,Delhi,Cochin,09:00:00,19:15:00,615,1.0,No Info,9929
Multiple Carriers,2019-06-15,Delhi,Cochin,15:05:00,01:30:00,625,2.0,No Info,15965
Air India,2019-06-21,Kolkata,Banglore,14:15:00,16:45:00,150,0.0,No Info,5510
Indigo,2019-06-12,Banglore,Delhi,18:55:00,21:50:00,175,0.0,No Info,4823
Jet Airways,2019-03-12,Banglore,New Delhi,18:55:00,09:30:00,875,1.0,No Info,13817
Jet Airways,2019-05-15,Kolkata,Banglore,17:00:00,09:45:00,1005,1.0,No Info,13067
Multiple Carriers,2019-05-21,Delhi,Cochin,07:05:00,21:00:00,835,1.0,In-flight meal not included,9930
Jet Airways,2019-05-03,Banglore,Delhi,19:50:00,22:50:00,180,0.0,In-flight meal not included,6144
Air India,2019-05-15,Kolkata,Banglore,17:30:00,20:25:00,1615,1.0,No Info,10203
Air India,2019-05-15,Kolkata,Banglore,14:15:00,16:45:00,150,0.0,No Info,5510
Air Asia,2019-03-24,Banglore,New Delhi,23:25:00,02:10:00,165,0.0,No Info,4482
Indigo,2019-06-03,Delhi,Cochin,05:05:00,16:10:00,665,1.0,No Info,6818
Indigo,2019-05-18,Delhi,Cochin,08:30:00,21:00:00,750,1.0,No Info,7081
Jet Airways,2019-05-21,Kolkata,Banglore,21:10:00,10:05:00,775,1.0,In-flight meal not included,8586
Jet Airways,2019-03-27,Delhi,Cochin,23:05:00,19:45:00,1240,1.0,In-flight meal not included,7438
Jet Airways,2019-06-09,Kolkata,Banglore,21:10:00,08:15:00,665,1.0,In-flight meal not included,11841
Jet Airways,2019-04-06,Delhi,Cochin,14:00:00,19:00:00,300,1.0,In-flight meal not included,5177
Jet Airways,2019-03-21,Delhi,Cochin,19:10:00,04:25:00,1995,2.0,In-flight meal not included,8834
Air India,2019-06-24,Delhi,Cochin,13:30:00,23:00:00,570,1.0,No Info,8907
Air Asia,2019-04-12,Banglore,Delhi,23:55:00,02:45:00,170,0.0,No Info,7080
Indigo,2019-06-09,Delhi,Cochin,16:10:00,22:30:00,380,1.0,No Info,6412
Jet Airways,2019-04-01,Delhi,Cochin,16:00:00,12:35:00,1235,1.0,In-flight meal not included,5406
Indigo,2019-04-06,Banglore,Delhi,18:25:00,21:20:00,175,0.0,No Info,4823
Jet Airways,2019-05-21,Kolkata,Banglore,17:00:00,21:05:00,1685,1.0,No Info,14151
Multiple Carriers,2019-03-03,Delhi,Cochin,07:05:00,16:10:00,545,1.0,No Info,7905
Jet Airways,2019-03-01,Banglore,New Delhi,16:55:00,00:45:00,470,1.0,No Info,26890
Multiple Carriers,2019-06-15,Delhi,Cochin,14:00:00,21:00:00,420,1.0,No Info,13587
Air India,2019-03-18,Banglore,New Delhi,10:30:00,17:45:00,435,2.0,No Info,13261
Jet Airways,2019-03-27,Delhi,Cochin,08:00:00,18:50:00,650,1.0,In-flight meal not included,6068
Indigo,2019-03-06,Chennai,Kolkata,05:15:00,07:35:00,140,0.0,No Info,6482
Multiple Carriers,2019-05-15,Delhi,Cochin,06:40:00,19:15:00,755,1.0,No Info,7787
Indigo,2019-03-27,Delhi,Cochin,06:40:00,12:00:00,320,1.0,No Info,5298
Jet Airways,2019-05-15,Kolkata,Banglore,06:30:00,23:35:00,1025,1.0,In-flight meal not included,8586
Spicejet,2019-03-12,Kolkata,Banglore,09:00:00,11:30:00,150,0.0,No Info,6982
Jet Airways,2019-05-24,Kolkata,Banglore,20:25:00,18:00:00,1295,1.0,No Info,14151
Jet Airways,2019-06-27,Delhi,Cochin,20:00:00,19:00:00,1380,2.0,No Info,14300
Goair,2019-03-09,Banglore,New Delhi,20:55:00,23:50:00,175,0.0,No Info,5706
Jet Airways,2019-05-09,Delhi,Cochin,19:15:00,12:35:00,1040,1.0,In-flight meal not included,12373
Jet Airways,2019-05-27,Mumbai,Hyderabad,07:05:00,08:30:00,85,0.0,In-flight meal not included,4995
Jet Airways,2019-05-01,Kolkata,Banglore,09:35:00,22:05:00,750,1.0,No Info,12121
Indigo,2019-04-15,Kolkata,Banglore,22:15:00,00:50:00,155,0.0,No Info,4174
Indigo,2019-06-18,Banglore,Delhi,01:30:00,04:15:00,165,0.0,No Info,3419
Jet Airways,2019-06-24,Delhi,Cochin,21:50:00,12:35:00,885,1.0,In-flight meal not included,10262
Air India,2019-03-01,Banglore,New Delhi,13:50:00,18:40:00,1730,1.0,No Info,17198
Indigo,2019-05-18,Delhi,Cochin,07:35:00,16:10:00,515,1.0,No Info,6442
Jet Airways,2019-06-12,Mumbai,Hyderabad,19:35:00,21:05:00,90,0.0,In-flight meal not included,3210
Jet Airways,2019-06-27,Banglore,Delhi,07:10:00,10:10:00,180,0.0,In-flight meal not included,6478
Indigo,2019-05-12,Kolkata,Banglore,15:15:00,20:05:00,290,1.0,No Info,5170
Vistara,2019-06-27,Chennai,Kolkata,07:05:00,09:20:00,135,0.0,No Info,3687
Indigo,2019-04-18,Delhi,Cochin,14:20:00,17:35:00,195,0.0,No Info,6015
Jet Airways,2019-05-24,Kolkata,Banglore,09:35:00,09:45:00,1450,1.0,No Info,13067
Air India,2019-05-01,Kolkata,Banglore,16:50:00,13:45:00,1255,2.0,No Info,16372
Indigo,2019-03-27,Chennai,Kolkata,14:40:00,17:05:00,145,0.0,No Info,3384
Air India,2019-05-15,Kolkata,Banglore,09:25:00,13:45:00,1700,2.0,No Info,15532
Air India,2019-05-09,Delhi,Cochin,09:00:00,19:15:00,615,1.0,No Info,8372
Jet Airways,2019-06-06,Delhi,Cochin,11:45:00,04:25:00,1000,2.0,In-flight meal not included,11992
Air India,2019-03-09,Delhi,Cochin,16:55:00,19:15:00,1580,2.0,No Info,22096
Indigo,2019-04-09,Banglore,Delhi,21:15:00,00:15:00,180,0.0,No Info,3943
Jet Airways,2019-06-27,Delhi,Cochin,11:30:00,19:00:00,450,1.0,No Info,14714
Jet Airways,2019-03-27,Mumbai,Hyderabad,02:55:00,04:25:00,90,0.0,No Info,5678
Spicejet,2019-04-09,Kolkata,Banglore,06:55:00,09:30:00,155,0.0,No check-in baggage included,3841
Indigo,2019-05-15,Mumbai,Hyderabad,20:05:00,21:40:00,95,0.0,No Info,2227
Air India,2019-06-01,Delhi,Cochin,08:00:00,19:15:00,675,1.0,No Info,9929
Goair,2019-03-09,Banglore,New Delhi,07:45:00,10:40:00,175,0.0,No Info,7631
Vistara,2019-06-18,Banglore,Delhi,17:00:00,19:35:00,155,0.0,No Info,4878
Jet Airways,2019-05-12,Kolkata,Banglore,20:00:00,09:20:00,800,1.0,No Info,14388
Air India,2019-04-09,Delhi,Cochin,12:55:00,19:15:00,1820,2.0,No Info,9968
Jet Airways,2019-05-21,Kolkata,Banglore,09:35:00,09:45:00,1450,1.0,No Info,13067
Indigo,2019-06-24,Chennai,Kolkata,13:15:00,15:35:00,140,0.0,No Info,3597
Jet Airways,2019-05-12,Kolkata,Banglore,20:25:00,09:45:00,800,1.0,No Info,14151
Indigo,2019-05-21,Kolkata,Banglore,19:20:00,23:45:00,265,1.0,No Info,3574
Air India,2019-05-12,Kolkata,Banglore,05:50:00,08:55:00,1625,2.0,No Info,11411
Jet Airways,2019-06-09,Kolkata,Banglore,17:00:00,22:05:00,1745,1.0,In-flight meal not included,10539
Indigo,2019-05-12,Banglore,Delhi,00:30:00,03:25:00,175,0.0,No Info,3943
Air India,2019-05-21,Kolkata,Banglore,07:00:00,20:25:00,805,1.0,No Info,11096
Air India,2019-04-24,Banglore,Delhi,10:00:00,12:45:00,165,0.0,No Info,6121
Air India,2019-06-24,Delhi,Cochin,16:55:00,19:15:00,1580,2.0,No Info,13381
Jet Airways,2019-03-21,Delhi,Cochin,02:15:00,04:25:00,1570,1.0,In-flight meal not included,7438
Air India,2019-04-21,Banglore,Delhi,10:00:00,12:45:00,165,0.0,No Info,5228
Air India,2019-06-03,Delhi,Cochin,19:45:00,19:15:00,1410,2.0,No Info,10441
Jet Airways,2019-05-15,Kolkata,Banglore,20:00:00,04:40:00,520,1.0,In-flight meal not included,8586
Jet Airways,2019-05-09,Banglore,Delhi,11:10:00,14:05:00,175,0.0,No Info,7229
Jet Airways,2019-03-06,Banglore,New Delhi,08:55:00,23:00:00,845,1.0,No Info,16736
Indigo,2019-05-01,Kolkata,Banglore,04:40:00,07:15:00,155,0.0,No Info,4804
Air India,2019-06-09,Delhi,Cochin,18:45:00,19:15:00,1470,2.0,No Info,12257
Spicejet,2019-06-06,Delhi,Cochin,08:45:00,13:15:00,270,1.0,No check-in baggage included,5158
Air India,2019-03-06,Banglore,New Delhi,08:50:00,16:30:00,1900,2.0,No Info,14143
Indigo,2019-04-12,Banglore,Delhi,18:55:00,21:50:00,175,0.0,No Info,5780
Jet Airways,2019-03-24,Kolkata,Banglore,18:55:00,16:20:00,1285,1.0,No Info,14231
Jet Airways,2019-06-09,Delhi,Cochin,08:00:00,19:00:00,660,1.0,In-flight meal not included,10262
Jet Airways,2019-05-21,Kolkata,Banglore,21:10:00,08:15:00,665,1.0,In-flight meal not included,10844
Indigo,2019-06-15,Banglore,Delhi,10:10:00,13:00:00,170,0.0,No Info,3943
Air Asia,2019-04-18,Kolkata,Banglore,22:50:00,01:20:00,150,0.0,No Info,4409
Multiple Carriers,2019-03-21,Delhi,Cochin,18:15:00,01:35:00,440,1.0,No Info,13542
Air India,2019-06-27,Delhi,Cochin,12:00:00,19:15:00,435,2.0,No Info,8603
Multiple Carriers,2019-05-21,Delhi,Cochin,06:00:00,19:15:00,795,1.0,No Info,8266
Air India,2019-05-15,Delhi,Cochin,17:15:00,09:25:00,970,2.0,No Info,8839
Spicejet,2019-05-27,Kolkata,Banglore,06:55:00,09:30:00,155,0.0,No Info,3873
Indigo,2019-06-12,Banglore,Delhi,10:10:00,13:00:00,170,0.0,No Info,3943
Spicejet,2019-06-27,Chennai,Kolkata,17:45:00,20:05:00,140,0.0,No Info,3597
Multiple Carriers,2019-05-15,Delhi,Cochin,17:30:00,01:30:00,480,1.0,No Info,13727
Jet Airways,2019-05-21,Delhi,Cochin,19:30:00,12:35:00,1025,2.0,In-flight meal not included,13029
Air Asia,2019-06-01,Delhi,Cochin,20:45:00,07:10:00,625,1.0,No Info,11410
Jet Airways,2019-06-15,Mumbai,Hyderabad,02:55:00,04:20:00,85,0.0,No Info,5678
Air India,2019-05-24,Kolkata,Banglore,10:00:00,20:25:00,625,1.0,No Info,10413
Jet Airways,2019-06-27,Delhi,Cochin,18:15:00,12:35:00,1100,1.0,In-flight meal not included,10262
Air India,2019-06-24,Delhi,Cochin,05:15:00,19:15:00,2280,3.0,No Info,10493
Indigo,2019-05-27,Mumbai,Hyderabad,02:35:00,04:05:00,90,0.0,No Info,2754
Jet Airways,2019-06-06,Mumbai,Hyderabad,10:20:00,11:50:00,90,0.0,In-flight meal not included,4995
Jet Airways,2019-05-24,Kolkata,Banglore,21:10:00,04:40:00,450,1.0,In-flight meal not included,9663
Indigo,2019-05-09,Kolkata,Banglore,11:30:00,14:05:00,155,0.0,No Info,5224
Air India,2019-06-09,Delhi,Cochin,17:40:00,08:15:00,875,1.0,No Info,7468
Indigo,2019-06-24,Delhi,Cochin,06:40:00,21:00:00,860,1.0,No Info,6093
Air India,2019-05-24,Kolkata,Banglore,05:50:00,13:15:00,445,2.0,No Info,7662
Air India,2019-03-01,Banglore,New Delhi,11:50:00,23:55:00,725,1.0,Change airports,26092
Jet Airways,2019-06-27,Delhi,Cochin,19:30:00,12:35:00,1025,2.0,No Info,13764
Air India,2019-03-06,Mumbai,Hyderabad,19:00:00,09:10:00,850,1.0,No Info,12308
Indigo,2019-03-15,Kolkata,Banglore,14:20:00,16:55:00,155,0.0,No Info,4778
Air India,2019-05-01,Mumbai,Hyderabad,13:55:00,15:25:00,90,0.0,No Info,3625
Spicejet,2019-04-15,Delhi,Cochin,17:55:00,22:50:00,295,1.0,No Info,5221
Jet Airways,2019-05-01,Kolkata,Banglore,14:05:00,19:50:00,345,1.0,No Info,14781
Jet Airways,2019-04-01,Kolkata,Banglore,08:25:00,22:35:00,850,1.0,In-flight meal not included,7064
Indigo,2019-05-06,Chennai,Kolkata,14:45:00,17:05:00,140,0.0,No Info,3597
Jet Airways,2019-03-24,Kolkata,Banglore,16:55:00,16:20:00,1405,1.0,In-flight meal not included,11134
Multiple Carriers,2019-03-21,Delhi,Cochin,13:15:00,21:20:00,485,2.0,No Info,6653
Jet Airways,2019-05-18,Delhi,Cochin,13:25:00,19:00:00,1775,2.0,No Info,15129
Air India,2019-04-27,Delhi,Cochin,14:10:00,17:10:00,180,0.0,No Info,6094
Jet Airways,2019-06-01,Banglore,Delhi,15:15:00,18:10:00,175,0.0,In-flight meal not included,7229
Multiple Carriers,2019-05-15,Delhi,Cochin,09:45:00,16:10:00,385,1.0,No Info,9646
Air India,2019-06-01,Delhi,Cochin,16:55:00,19:15:00,1580,2.0,No Info,13801
Multiple Carriers,2019-03-27,Delhi,Cochin,08:55:00,19:15:00,620,1.0,No Info,8371
Indigo,2019-06-12,Chennai,Kolkata,07:55:00,10:15:00,140,0.0,No Info,3850
Multiple Carriers,2019-05-27,Delhi,Cochin,14:00:00,21:00:00,420,1.0,In-flight meal not included,7153
Indigo,2019-03-21,Delhi,Cochin,07:35:00,22:20:00,885,1.0,No Info,6558
Indigo,2019-04-18,Kolkata,Banglore,09:35:00,12:20:00,165,0.0,No Info,5644
Air India,2019-06-24,Delhi,Cochin,18:45:00,19:15:00,1470,2.0,No Info,11732
Spicejet,2019-05-12,Chennai,Kolkata,08:20:00,10:35:00,135,0.0,No Info,3597
Indigo,2019-04-06,Banglore,Delhi,22:10:00,01:00:00,170,0.0,No Info,3943
Air India,2019-03-06,Banglore,New Delhi,08:15:00,22:55:00,880,2.0,No Info,13942
Jet Airways,2019-05-21,Delhi,Cochin,19:15:00,04:25:00,550,1.0,No Info,16079
Spicejet,2019-06-15,Chennai,Kolkata,08:20:00,10:35:00,135,0.0,No check-in baggage included,3543
Jet Airways,2019-06-09,Kolkata,Banglore,09:35:00,18:00:00,505,1.0,In-flight meal not included,13994
Jet Airways,2019-03-01,Banglore,New Delhi,07:00:00,21:20:00,860,1.0,No Info,27992
Jet Airways,2019-04-15,Banglore,Delhi,15:15:00,18:10:00,175,0.0,In-flight meal not included,4544
Indigo,2019-06-18,Banglore,Delhi,16:55:00,19:55:00,180,0.0,No Info,4823
Indigo,2019-05-03,Kolkata,Banglore,04:40:00,07:15:00,155,0.0,No Info,4804
Jet Airways,2019-06-15,Delhi,Cochin,20:55:00,19:00:00,1325,1.0,In-flight meal not included,10262
Indigo,2019-06-12,Delhi,Cochin,07:35:00,22:30:00,895,1.0,No Info,6442
Air Asia,2019-06-01,Banglore,Delhi,11:10:00,13:55:00,165,0.0,No Info,4483
Jet Airways,2019-05-18,Delhi,Cochin,21:50:00,12:35:00,885,1.0,In-flight meal not included,12373
Air India,2019-06-03,Delhi,Cochin,03:50:00,19:15:00,925,1.0,No Info,8669
Vistara,2019-06-01,Chennai,Kolkata,07:05:00,09:20:00,135,0.0,No Info,3687
Jet Airways,2019-04-09,Delhi,Cochin,22:50:00,12:35:00,825,1.0,No Info,11822
Multiple Carriers,2019-06-27,Delhi,Cochin,13:00:00,21:00:00,480,1.0,No Info,7408
Jet Airways,2019-06-21,Mumbai,Hyderabad,10:20:00,11:50:00,90,0.0,In-flight meal not included,4995
Goair,2019-03-21,Delhi,Cochin,07:00:00,12:50:00,350,1.0,No Info,9385
Multiple Carriers,2019-03-27,Delhi,Cochin,06:00:00,13:20:00,440,1.0,No Info,7845
Indigo,2019-06-09,Kolkata,Banglore,15:30:00,18:05:00,155,0.0,No Info,5224
Multiple Carriers,2019-03-27,Delhi,Cochin,04:00:00,18:50:00,890,1.0,No Info,11299
Jet Airways,2019-06-06,Delhi,Cochin,10:00:00,19:00:00,540,1.0,In-flight meal not included,10262
Multiple Carriers,2019-06-03,Delhi,Cochin,13:00:00,21:00:00,480,1.0,No Info,7408
Jet Airways,2019-06-15,Delhi,Cochin,12:15:00,12:35:00,1460,2.0,No Info,14300
Spicejet,2019-06-12,Banglore,Delhi,05:55:00,08:35:00,160,0.0,No Info,4423
Goair,2019-03-03,Delhi,Cochin,07:00:00,12:50:00,350,1.0,No Info,7378
Jet Airways,2019-03-06,Banglore,New Delhi,11:40:00,00:45:00,785,1.0,No Info,14815
Jet Airways,2019-03-06,Delhi,Cochin,19:10:00,04:25:00,1995,2.0,No Info,20694
Multiple Carriers,2019-06-03,Delhi,Cochin,19:00:00,01:30:00,390,1.0,No Info,7198
Air India,2019-06-21,Banglore,Delhi,21:05:00,23:55:00,170,0.0,No Info,5228
Indigo,2019-05-18,Banglore,Delhi,10:10:00,13:00:00,170,0.0,No Info,3943
Vistara,2019-05-24,Banglore,Delhi,11:30:00,14:20:00,170,0.0,No Info,4668
Multiple Carriers,2019-06-12,Delhi,Cochin,11:30:00,21:00:00,570,1.0,No Info,13587
Air Asia,2019-04-06,Banglore,Delhi,11:10:00,13:55:00,165,0.0,No Info,3383
Indigo,2019-05-06,Banglore,Delhi,06:05:00,08:50:00,165,0.0,No Info,4423
Jet Airways,2019-05-03,Banglore,Delhi,07:10:00,10:10:00,180,0.0,No Info,7229
Jet Airways,2019-06-06,Kolkata,Banglore,08:25:00,18:15:00,590,1.0,In-flight meal not included,10844
Indigo,2019-04-15,Kolkata,Banglore,15:30:00,18:05:00,155,0.0,No Info,4174
Jet Airways,2019-06-01,Delhi,Cochin,19:15:00,04:25:00,550,1.0,In-flight meal not included,10262
Indigo,2019-05-27,Banglore,Delhi,16:55:00,19:55:00,180,0.0,No Info,4823
Jet Airways,2019-03-12,Banglore,New Delhi,22:55:00,16:10:00,1035,1.0,No Info,13817
Jet Airways,2019-06-03,Mumbai,Hyderabad,07:05:00,08:30:00,85,0.0,No Info,8040
Multiple Carriers,2019-06-12,Delhi,Cochin,10:20:00,19:15:00,535,1.0,No Info,8266
Jet Airways,2019-06-12,Kolkata,Banglore,18:55:00,23:35:00,1720,1.0,In-flight meal not included,8529
Indigo,2019-05-27,Delhi,Cochin,07:30:00,21:00:00,810,1.0,No Info,6526
Multiple Carriers,2019-06-06,Delhi,Cochin,14:00:00,01:30:00,690,1.0,No Info,13377
Spicejet,2019-03-27,Chennai,Kolkata,17:45:00,20:05:00,140,0.0,No check-in baggage included,3332
Air India,2019-03-09,Delhi,Cochin,18:30:00,19:15:00,1485,2.0,No Info,18211
Air India,2019-06-01,Banglore,Delhi,17:00:00,19:45:00,165,0.0,No Info,7171
Jet Airways,2019-03-06,Banglore,New Delhi,21:25:00,11:25:00,840,1.0,No Info,17261
Jet Airways,2019-03-12,Banglore,New Delhi,16:55:00,10:45:00,1070,1.0,No Info,13817
Jet Airways,2019-05-18,Delhi,Cochin,13:00:00,19:00:00,360,1.0,In-flight meal not included,12373
Indigo,2019-06-06,Delhi,Cochin,17:05:00,22:25:00,320,1.0,No Info,6493
Air India,2019-05-21,Delhi,Cochin,05:10:00,08:00:00,170,0.0,No Info,6094
Jet Airways,2019-05-21,Kolkata,Banglore,21:10:00,08:15:00,665,1.0,No Info,14781
Indigo,2019-03-06,Delhi,Cochin,08:25:00,15:30:00,425,1.0,No Info,14871
Jet Airways,2019-05-09,Kolkata,Banglore,16:30:00,10:05:00,1055,1.0,No Info,13941
Vistara,2019-04-01,Delhi,Cochin,14:40:00,17:50:00,190,0.0,No Info,4851
Spicejet,2019-03-18,Chennai,Kolkata,09:30:00,12:05:00,155,0.0,No check-in baggage included,3807
Air India,2019-06-15,Delhi,Cochin,12:55:00,19:15:00,1820,2.0,No Info,12646
Air India,2019-06-15,Delhi,Cochin,09:45:00,09:25:00,1420,2.0,No Info,10975
Jet Airways,2019-05-21,Delhi,Cochin,17:30:00,19:00:00,1530,1.0,In-flight meal not included,12898
Jet Airways,2019-06-12,Kolkata,Banglore,06:30:00,19:50:00,800,1.0,In-flight meal not included,9899
Indigo,2019-03-27,Delhi,Cochin,10:45:00,21:00:00,615,1.0,No Info,6838
Jet Airways,2019-03-03,Delhi,Cochin,09:00:00,18:50:00,590,1.0,No Info,17024
Multiple Carriers,2019-05-27,Delhi,Cochin,13:15:00,22:30:00,555,1.0,No Info,9646
Indigo,2019-03-24,Banglore,New Delhi,10:10:00,13:00:00,170,0.0,No Info,4777
Indigo,2019-04-03,Kolkata,Banglore,19:20:00,23:45:00,265,1.0,No Info,3480
Spicejet,2019-05-06,Banglore,Delhi,09:30:00,12:20:00,170,0.0,No Info,3971
Multiple Carriers,2019-06-06,Delhi,Cochin,11:40:00,19:15:00,455,1.0,No Info,8266
Indigo,2019-06-24,Chennai,Kolkata,11:35:00,14:00:00,145,0.0,No Info,3858
Jet Airways,2019-06-15,Delhi,Cochin,17:30:00,04:25:00,655,1.0,In-flight meal not included,10262
Indigo,2019-06-03,Banglore,Delhi,18:55:00,21:50:00,175,0.0,No Info,4823
Air Asia,2019-05-15,Kolkata,Banglore,22:40:00,10:40:00,720,1.0,No Info,5192
Indigo,2019-05-01,Delhi,Cochin,07:30:00,21:00:00,810,1.0,No Info,8542
Air India,2019-05-27,Delhi,Cochin,18:05:00,21:10:00,185,0.0,No Info,6094
Jet Airways,2019-05-21,Kolkata,Banglore,20:00:00,23:35:00,1655,1.0,In-flight meal not included,10844
Air India,2019-06-03,Banglore,Delhi,10:00:00,12:45:00,165,0.0,No Info,6961
Indigo,2019-05-18,Banglore,Delhi,23:30:00,02:20:00,170,0.0,No Info,4591
Jet Airways,2019-05-27,Delhi,Cochin,16:00:00,19:00:00,1620,1.0,In-flight meal not included,12898
Air India,2019-03-09,Kolkata,Banglore,14:15:00,16:45:00,150,0.0,No Info,4960
Air Asia,2019-04-09,Banglore,Delhi,04:55:00,07:45:00,170,0.0,No Info,4282
Air India,2019-06-09,Kolkata,Banglore,09:25:00,13:45:00,1700,2.0,No Info,11542
Jet Airways,2019-06-27,Delhi,Cochin,15:00:00,12:35:00,1295,1.0,In-flight meal not included,10262
Jet Airways,2019-06-01,Delhi,Cochin,21:50:00,04:25:00,395,1.0,No Info,14714
Multiple Carriers,2019-04-09,Delhi,Cochin,17:45:00,01:30:00,465,1.0,No Info,8535
Goair,2019-05-01,Kolkata,Banglore,16:40:00,00:15:00,455,1.0,No Info,6484
Vistara,2019-03-09,Delhi,Cochin,14:55:00,17:50:00,175,0.0,No Info,6741
Jet Airways,2019-03-06,Banglore,New Delhi,14:05:00,05:05:00,900,1.0,No Info,14815
Spicejet,2019-04-12,Kolkata,Banglore,09:00:00,11:25:00,145,0.0,No check-in baggage included,3841
Jet Airways,2019-04-27,Banglore,Delhi,06:00:00,08:45:00,165,0.0,In-flight meal not included,4544
Jet Airways,2019-06-12,Kolkata,Banglore,20:00:00,09:20:00,800,1.0,No Info,13044
Indigo,2019-03-15,Chennai,Kolkata,14:40:00,17:05:00,145,0.0,No Info,6297
Indigo,2019-04-27,Kolkata,Banglore,15:15:00,17:45:00,150,0.0,No Info,4804
Multiple Carriers,2019-03-06,Delhi,Cochin,08:00:00,15:30:00,450,1.0,No Info,15078
Jet Airways,2019-06-06,Kolkata,Banglore,18:55:00,18:15:00,1400,1.0,In-flight meal not included,10844
Spicejet,2019-05-12,Banglore,Delhi,09:30:00,12:20:00,170,0.0,No check-in baggage included,4319
Air India,2019-04-01,Delhi,Cochin,20:40:00,09:25:00,765,1.0,No Info,5117
Jet Airways,2019-06-27,Delhi,Cochin,05:30:00,19:00:00,810,2.0,No Info,13014
Air India,2019-05-01,Kolkata,Banglore,19:00:00,04:40:00,580,1.0,No Info,6117
Jet Airways,2019-06-12,Kolkata,Banglore,08:25:00,10:05:00,1540,1.0,In-flight meal not included,8529
Indigo,2019-05-09,Chennai,Kolkata,05:15:00,07:40:00,145,0.0,No Info,3540
Jet Airways,2019-05-01,Banglore,Delhi,19:50:00,22:50:00,180,0.0,No Info,7229
Multiple Carriers,2019-03-21,Delhi,Cochin,13:00:00,21:00:00,480,1.0,No Info,7618
Spicejet,2019-06-09,Banglore,Delhi,21:10:00,00:05:00,175,0.0,No Info,3971
Air India,2019-06-21,Mumbai,Hyderabad,13:55:00,15:25:00,90,0.0,No Info,3100
Jet Airways,2019-05-21,Banglore,Delhi,18:55:00,22:00:00,185,0.0,In-flight meal not included,4030
Air India,2019-06-24,Delhi,Cochin,07:00:00,19:15:00,735,1.0,No Info,8879
Air India,2019-03-18,Banglore,New Delhi,00:30:00,08:45:00,495,1.0,No Info,13859
Indigo,2019-04-24,Banglore,Delhi,23:30:00,02:20:00,170,0.0,No Info,3943
Air India,2019-05-01,Kolkata,Banglore,05:50:00,12:30:00,1840,2.0,No Info,12723
Air India,2019-03-12,Mumbai,Hyderabad,19:30:00,20:45:00,75,0.0,No Info,4307
Jet Airways,2019-05-09,Banglore,Delhi,19:50:00,22:50:00,180,0.0,No Info,7229
Air India,2019-03-09,Banglore,New Delhi,17:00:00,19:45:00,165,0.0,No Info,10741
Multiple Carriers,2019-05-15,Delhi,Cochin,10:00:00,19:15:00,555,1.0,No Info,14323
Jet Airways,2019-05-06,Kolkata,Banglore,20:00:00,08:15:00,735,1.0,In-flight meal not included,9663
Indigo,2019-05-21,Mumbai,Hyderabad,09:10:00,10:40:00,90,0.0,No Info,4049
Jet Airways,2019-03-21,Delhi,Cochin,17:30:00,18:50:00,1520,1.0,No Info,12557
Jet Airways,2019-05-09,Delhi,Cochin,13:25:00,12:35:00,1390,2.0,No Info,15129
Jet Airways,2019-06-01,Mumbai,Hyderabad,10:20:00,11:50:00,90,0.0,In-flight meal not included,4050
Jet Airways,2019-06-03,Delhi,Cochin,19:45:00,19:00:00,1395,1.0,In-flight meal not included,10262
Jet Airways,2019-05-06,Kolkata,Banglore,21:10:00,12:00:00,890,1.0,In-flight meal not included,9663
Jet Airways,2019-06-12,Delhi,Cochin,20:55:00,04:25:00,450,1.0,In-flight meal not included,10262
Indigo,2019-03-06,Delhi,Cochin,17:30:00,01:35:00,485,1.0,No Info,14871
Multiple Carriers,2019-05-27,Delhi,Cochin,10:00:00,01:30:00,930,1.0,In-flight meal not included,8925
Jet Airways,2019-05-24,Kolkata,Banglore,20:25:00,09:45:00,800,1.0,In-flight meal not included,12384
Multiple Carriers,2019-05-21,Delhi,Cochin,02:15:00,11:50:00,575,1.0,No Info,14067
Air India,2019-05-09,Kolkata,Banglore,16:45:00,08:55:00,970,2.0,No Info,13227
Indigo,2019-03-09,Banglore,New Delhi,05:30:00,08:20:00,170,0.0,No Info,4777
Jet Airways,2019-05-21,Kolkata,Banglore,06:30:00,04:40:00,1330,1.0,In-flight meal not included,8586
Indigo,2019-03-27,Delhi,Cochin,07:45:00,13:40:00,355,1.0,No Info,4832
Indigo,2019-03-06,Delhi,Cochin,07:30:00,15:30:00,480,1.0,No Info,14871
Multiple Carriers,2019-03-06,Delhi,Cochin,08:25:00,18:50:00,625,1.0,No Info,15135
Jet Airways,2019-05-18,Kolkata,Banglore,05:45:00,16:20:00,635,1.0,In-flight meal not included,10844
Jet Airways,2019-06-01,Delhi,Cochin,18:15:00,04:25:00,610,1.0,In-flight meal not included,10262
Jet Airways,2019-06-01,Delhi,Cochin,11:00:00,14:15:00,195,0.0,In-flight meal not included,7202
Vistara,2019-04-01,Kolkata,Banglore,07:10:00,23:25:00,975,1.0,No Info,7927
Air India,2019-03-01,Banglore,New Delhi,06:10:00,08:55:00,165,0.0,No Info,15676
Air India,2019-06-06,Delhi,Cochin,21:00:00,07:40:00,640,1.0,No Info,8372
Indigo,2019-03-03,Delhi,Cochin,15:00:00,01:35:00,635,1.0,No Info,14871
Goair,2019-04-24,Banglore,Delhi,11:40:00,14:30:00,170,0.0,No Info,3898
Spicejet,2019-05-09,Banglore,Delhi,21:10:00,00:05:00,175,0.0,No check-in baggage included,4319
Air India,2019-05-12,Mumbai,Hyderabad,06:20:00,07:40:00,80,0.0,No Info,3100
Jet Airways,2019-05-12,Kolkata,Banglore,17:00:00,09:45:00,1005,1.0,No Info,14151
Air Asia,2019-06-06,Kolkata,Banglore,19:55:00,23:30:00,215,1.0,No Info,6857
Multiple Carriers,2019-05-15,Delhi,Cochin,06:00:00,19:15:00,795,1.0,No Info,8266
Indigo,2019-04-06,Kolkata,Banglore,22:15:00,00:50:00,155,0.0,No Info,4174
Jet Airways,2019-05-18,Kolkata,Banglore,08:25:00,09:20:00,1495,1.0,In-flight meal not included,9663
Jet Airways,2019-06-03,Delhi,Cochin,05:30:00,19:00:00,810,2.0,No Info,13292
Jet Airways,2019-03-21,Delhi,Cochin,10:45:00,04:25:00,1060,2.0,In-flight meal not included,7791
Air Asia,2019-06-03,Delhi,Cochin,07:55:00,22:25:00,870,1.0,No Info,8759
Spicejet,2019-05-18,Kolkata,Banglore,11:15:00,18:30:00,435,1.0,No Info,10944
Air India,2019-05-27,Delhi,Cochin,06:05:00,09:25:00,1640,1.0,No Info,7480
Jet Airways,2019-06-09,Delhi,Cochin,11:30:00,12:35:00,1505,1.0,In-flight meal not included,10262
Indigo,2019-03-03,Banglore,New Delhi,05:25:00,10:10:00,285,1.0,No Info,7774
Air India,2019-03-21,Delhi,Cochin,06:50:00,07:40:00,1490,2.0,No Info,11071
Jet Airways,2019-06-03,Mumbai,Hyderabad,19:35:00,21:05:00,90,0.0,In-flight meal not included,3210
Jet Airways,2019-06-27,Delhi,Cochin,21:25:00,19:00:00,1295,2.0,No Info,13292
Air India,2019-05-09,Chennai,Kolkata,11:40:00,13:55:00,135,0.0,No Info,4667
Jet Airways,2019-03-21,Banglore,New Delhi,20:35:00,10:25:00,830,1.0,In-flight meal not included,7832
Spicejet,2019-04-27,Kolkata,Banglore,17:10:00,19:40:00,150,0.0,No Info,4174
Vistara,2019-03-09,Banglore,New Delhi,06:40:00,21:55:00,915,1.0,No Info,10008
Vistara,2019-05-15,Kolkata,Banglore,17:00:00,18:50:00,1550,1.0,No Info,9345
Indigo,2019-04-24,Kolkata,Banglore,19:35:00,00:10:00,275,1.0,No Info,4860
Indigo,2019-03-09,Banglore,New Delhi,16:55:00,19:45:00,170,0.0,No Info,7648
Jet Airways,2019-06-01,Delhi,Cochin,22:50:00,12:35:00,825,1.0,No Info,14714
Vistara,2019-05-01,Kolkata,Banglore,07:10:00,22:40:00,930,1.0,No Info,8452
Indigo,2019-04-24,Kolkata,Banglore,15:15:00,17:45:00,150,0.0,No Info,4804
Jet Airways,2019-04-01,Banglore,Delhi,18:55:00,22:00:00,185,0.0,No Info,7229
Goair,2019-05-01,Delhi,Cochin,07:25:00,13:35:00,370,1.0,No Info,5842
Air India,2019-05-24,Kolkata,Banglore,09:50:00,21:05:00,675,1.0,No Info,7662
Spicejet,2019-05-09,Delhi,Cochin,17:55:00,22:50:00,295,1.0,No Info,5975
Air India,2019-03-21,Delhi,Cochin,13:00:00,19:15:00,375,1.0,No Info,7934
Spicejet,2019-05-15,Kolkata,Banglore,17:10:00,19:40:00,150,0.0,No check-in baggage included,3841
Indigo,2019-03-15,Banglore,New Delhi,14:25:00,19:25:00,300,1.0,No Info,9165
Indigo,2019-03-21,Delhi,Cochin,11:30:00,21:00:00,570,1.0,No Info,6838
Jet Airways,2019-04-12,Banglore,Delhi,18:55:00,22:00:00,185,0.0,No Info,7229
Air India,2019-04-09,Banglore,Delhi,17:00:00,19:50:00,170,0.0,No Info,5911
Indigo,2019-03-12,Kolkata,Banglore,21:25:00,00:05:00,160,0.0,No Info,4148
Multiple Carriers,2019-03-03,Delhi,Cochin,08:55:00,21:00:00,725,1.0,No Info,15147
Air India,2019-03-06,Mumbai,Hyderabad,12:45:00,19:25:00,1840,2.0,No Info,13253
Indigo,2019-03-09,Delhi,Cochin,04:55:00,12:00:00,425,1.0,No Info,6171
Air India,2019-06-12,Kolkata,Banglore,16:45:00,12:30:00,1185,2.0,No Info,14960
Indigo,2019-03-03,Banglore,New Delhi,08:30:00,11:30:00,180,0.0,No Info,6860
Jet Airways,2019-06-01,Banglore,Delhi,11:10:00,14:05:00,175,0.0,In-flight meal not included,7229
Air India,2019-06-09,Kolkata,Banglore,10:00:00,20:25:00,625,1.0,No Info,10413
Jet Airways,2019-05-09,Kolkata,Banglore,14:05:00,09:20:00,1155,1.0,In-flight meal not included,9663
Air India,2019-05-09,Delhi,Cochin,05:00:00,19:15:00,2295,2.0,No Info,10441
Indigo,2019-03-18,Kolkata,Banglore,09:35:00,12:20:00,165,0.0,No Info,4462
Multiple Carriers,2019-03-21,Delhi,Cochin,14:00:00,01:35:00,695,1.0,No Info,13542
Air Asia,2019-06-06,Delhi,Cochin,16:45:00,22:25:00,340,1.0,No Info,11410
Indigo,2019-03-01,Mumbai,Hyderabad,06:20:00,07:45:00,85,0.0,No Info,17501
Jet Airways,2019-06-27,Delhi,Cochin,19:10:00,19:00:00,1430,2.0,No Info,12819
Vistara,2019-05-24,Kolkata,Banglore,07:10:00,09:05:00,1555,1.0,No Info,9502
Multiple Carriers,2019-06-27,Delhi,Cochin,17:45:00,01:30:00,465,1.0,In-flight meal not included,5797
Jet Airways,2019-05-21,Kolkata,Banglore,20:00:00,04:40:00,520,1.0,In-flight meal not included,10844
Jet Airways,2019-05-15,Banglore,Delhi,18:55:00,22:00:00,185,0.0,In-flight meal not included,4030
Air Asia,2019-05-09,Kolkata,Banglore,22:40:00,10:40:00,720,1.0,No Info,5192
Vistara,2019-05-06,Kolkata,Banglore,17:00:00,23:25:00,385,1.0,No Info,8085
Jet Airways,2019-06-09,Kolkata,Banglore,21:10:00,04:40:00,450,1.0,No Info,13731
Indigo,2019-03-09,Chennai,Kolkata,19:35:00,21:55:00,140,0.0,No Info,6297
Jet Airways,2019-06-03,Delhi,Cochin,16:00:00,12:35:00,1235,1.0,No Info,14714
Air India,2019-05-18,Kolkata,Banglore,08:20:00,11:10:00,1610,2.0,No Info,11222
Jet Airways,2019-05-21,Delhi,Cochin,08:00:00,04:25:00,1225,1.0,In-flight meal not included,12898
Jet Airways,2019-05-18,Delhi,Cochin,22:50:00,04:25:00,335,1.0,In-flight meal not included,12373
Air India,2019-05-06,Banglore,Delhi,21:05:00,23:55:00,170,0.0,No Info,5228
Jet Airways,2019-03-09,Delhi,Cochin,16:00:00,18:50:00,1610,1.0,No Info,16289
Jet Airways,2019-06-06,Delhi,Cochin,09:40:00,04:25:00,1125,2.0,In-flight meal not included,10368
Jet Airways,2019-05-01,Banglore,Delhi,08:20:00,11:20:00,180,0.0,No Info,7229
Air India,2019-03-15,Banglore,New Delhi,10:30:00,21:25:00,655,2.0,No Info,6593
Jet Airways,2019-05-15,Kolkata,Banglore,17:00:00,22:05:00,1745,1.0,No Info,14151
Spicejet,2019-05-27,Chennai,Kolkata,17:45:00,20:05:00,140,0.0,No Info,3597
Spicejet,2019-06-12,Banglore,Delhi,05:55:00,08:35:00,160,0.0,No check-in baggage included,4319
Jet Airways,2019-04-01,Kolkata,Banglore,16:30:00,16:20:00,1430,1.0,No Info,12681
Jet Airways,2019-05-09,Kolkata,Banglore,20:00:00,04:40:00,520,1.0,In-flight meal not included,8586
Indigo,2019-06-03,Banglore,Delhi,08:30:00,11:20:00,170,0.0,No Info,4823
Multiple Carriers,2019-06-03,Delhi,Cochin,06:00:00,12:35:00,395,1.0,No Info,13259
Spicejet,2019-05-12,Banglore,Delhi,21:10:00,00:05:00,175,0.0,No Info,4423
Multiple Carriers,2019-03-03,Delhi,Cochin,15:25:00,01:35:00,610,1.0,No Info,15147
Spicejet,2019-03-18,Mumbai,Hyderabad,05:45:00,07:05:00,80,0.0,No Info,2437
Air India,2019-05-09,Delhi,Cochin,18:45:00,19:15:00,1470,2.0,No Info,11942
Air India,2019-04-09,Delhi,Cochin,22:00:00,19:15:00,1275,2.0,No Info,8341
Air India,2019-03-01,Banglore,New Delhi,11:05:00,19:50:00,525,1.0,1 Long layover,14594
Multiple Carriers,2019-05-15,Delhi,Cochin,13:00:00,01:30:00,750,1.0,No Info,13727
Multiple Carriers,2019-05-27,Delhi,Cochin,07:05:00,21:00:00,835,1.0,In-flight meal not included,10406
Multiple Carriers,2019-05-15,Delhi,Cochin,18:15:00,01:30:00,435,1.0,No Info,13727
Multiple Carriers,2019-06-03,Delhi,Cochin,10:00:00,19:00:00,540,1.0,No Info,14502
Indigo,2019-03-18,Mumbai,Hyderabad,06:20:00,07:45:00,85,0.0,No Info,3342
Indigo,2019-06-03,Delhi,Cochin,05:35:00,08:50:00,195,0.0,No Info,5601
Indigo,2019-03-06,Kolkata,Banglore,05:30:00,08:20:00,170,0.0,No Info,4778
Spicejet,2019-05-21,Kolkata,Banglore,17:10:00,19:40:00,150,0.0,No Info,3873
Air India,2019-06-15,Delhi,Cochin,06:05:00,09:25:00,1640,1.0,No Info,7480
Spicejet,2019-03-24,Banglore,New Delhi,09:35:00,12:30:00,175,0.0,No check-in baggage included,6205
Multiple Carriers,2019-03-21,Delhi,Cochin,11:40:00,18:50:00,430,1.0,No Info,11999
Indigo,2019-06-24,Banglore,Delhi,18:15:00,21:20:00,185,0.0,No Info,4823
Jet Airways,2019-05-18,Kolkata,Banglore,14:05:00,22:35:00,510,1.0,In-flight meal not included,10844
Jet Airways,2019-06-03,Delhi,Cochin,05:30:00,19:00:00,810,2.0,In-flight meal not included,10368
Multiple Carriers,2019-06-15,Delhi,Cochin,18:00:00,01:30:00,450,1.0,No Info,7408
Vistara,2019-03-06,Mumbai,Hyderabad,15:40:00,22:55:00,435,1.0,No Info,12395
Jet Airways,2019-06-09,Kolkata,Banglore,09:35:00,22:05:00,750,1.0,In-flight meal not included,13994
Multiple Carriers,2019-06-15,Delhi,Cochin,09:00:00,19:00:00,600,1.0,No Info,12717
Spicejet,2019-06-24,Delhi,Cochin,08:45:00,13:15:00,270,1.0,No check-in baggage included,4760
Jet Airways,2019-05-18,Kolkata,Banglore,20:25:00,21:05:00,1480,1.0,No Info,14151
Jet Airways,2019-06-03,Delhi,Cochin,19:30:00,04:25:00,535,2.0,No Info,13014
Air India,2019-05-12,Kolkata,Banglore,10:00:00,05:25:00,1165,2.0,No Info,14634
Air India,2019-05-03,Mumbai,Hyderabad,21:05:00,22:25:00,80,0.0,No Info,3100
Jet Airways,2019-05-21,Kolkata,Banglore,16:30:00,22:35:00,365,1.0,No Info,14781
Multiple Carriers,2019-06-12,Delhi,Cochin,07:10:00,22:30:00,920,1.0,No Info,6513
Air India,2019-06-06,Delhi,Cochin,10:00:00,19:15:00,555,1.0,No Info,9194
Jet Airways,2019-06-01,Delhi,Cochin,10:00:00,12:35:00,1595,1.0,In-flight meal not included,10262
Multiple Carriers,2019-05-18,Delhi,Cochin,07:10:00,22:30:00,920,1.0,No Info,7740
Indigo,2019-03-06,Kolkata,Banglore,17:15:00,19:55:00,160,0.0,No Info,5618
Jet Airways,2019-03-18,Banglore,New Delhi,11:40:00,18:25:00,405,1.0,No Info,12284
Vistara,2019-04-01,Banglore,Delhi,21:00:00,23:50:00,170,0.0,No Info,5403
Air India,2019-06-09,Delhi,Cochin,10:55:00,19:15:00,500,2.0,No Info,12383
Jet Airways,2019-05-15,Kolkata,Banglore,14:05:00,23:35:00,570,1.0,In-flight meal not included,8586
Air Asia,2019-05-03,Kolkata,Banglore,19:55:00,22:25:00,150,0.0,No Info,5989
Jet Airways,2019-03-06,Delhi,Cochin,16:00:00,04:25:00,745,1.0,No Info,15764
Multiple Carriers,2019-05-27,Delhi,Cochin,07:30:00,21:00:00,810,1.0,No Info,8475
Vistara,2019-03-24,Banglore,New Delhi,16:00:00,18:35:00,155,0.0,No Info,5088
Jet Airways,2019-03-12,Banglore,New Delhi,22:55:00,15:15:00,980,1.0,In-flight meal not included,11087
Jet Airways,2019-03-06,Delhi,Cochin,17:30:00,19:45:00,1575,1.0,No Info,17024
Jet Airways,2019-05-18,Banglore,Delhi,19:50:00,22:50:00,180,0.0,In-flight meal not included,5198
Jet Airways,2019-05-12,Kolkata,Banglore,16:30:00,22:35:00,365,1.0,In-flight meal not included,10844
Air India,2019-03-01,Banglore,New Delhi,00:30:00,20:30:00,1200,1.0,1 Long layover,14752
Spicejet,2019-05-09,Chennai,Kolkata,09:45:00,12:00:00,135,0.0,No Info,3597
Jet Airways,2019-05-09,Kolkata,Banglore,16:30:00,04:40:00,730,1.0,In-flight meal not included,10844
Indigo,2019-06-06,Kolkata,Banglore,08:10:00,13:00:00,290,1.0,No Info,5069
Jet Airways,2019-06-09,Kolkata,Banglore,17:00:00,22:05:00,1745,1.0,No Info,12692
Air India,2019-06-18,Kolkata,Banglore,14:15:00,16:45:00,150,0.0,No Info,5510
Air Asia,2019-03-12,Kolkata,Banglore,19:35:00,22:05:00,150,0.0,No Info,4384
Jet Airways,2019-05-18,Delhi,Cochin,19:10:00,19:00:00,1430,2.0,No Info,16704
Spicejet,2019-06-09,Kolkata,Banglore,22:20:00,00:40:00,140,0.0,No check-in baggage included,3841
Air India,2019-03-12,Mumbai,Hyderabad,10:05:00,19:10:00,545,2.0,No Info,9736
Spicejet,2019-03-27,Kolkata,Banglore,06:55:00,09:35:00,160,0.0,No Info,3847
Air India,2019-03-12,Mumbai,Hyderabad,16:50:00,12:25:00,1175,3.0,No Info,14260
Air India,2019-03-21,Delhi,Cochin,13:20:00,19:15:00,1795,2.0,No Info,8708
Jet Airways,2019-05-12,Banglore,Delhi,11:10:00,14:05:00,175,0.0,In-flight meal not included,5198
Indigo,2019-04-21,Banglore,Delhi,23:30:00,02:20:00,170,0.0,No Info,4591
Spicejet,2019-06-27,Mumbai,Hyderabad,13:15:00,14:45:00,90,0.0,No check-in baggage included,1965
Jet Airways,2019-06-27,Delhi,Cochin,10:00:00,19:00:00,540,1.0,In-flight meal not included,10262
Jet Airways,2019-05-01,Kolkata,Banglore,20:25:00,18:00:00,1295,1.0,In-flight meal not included,9314
Indigo,2019-06-09,Banglore,Delhi,21:15:00,00:15:00,180,0.0,No Info,3943
Multiple Carriers,2019-06-24,Delhi,Cochin,10:20:00,19:00:00,520,1.0,In-flight meal not included,10791
Indigo,2019-03-27,Chennai,Kolkata,19:35:00,21:55:00,140,0.0,No Info,3858
Spicejet,2019-05-03,Mumbai,Hyderabad,13:15:00,14:45:00,90,0.0,No Info,2017
Multiple Carriers,2019-06-27,Delhi,Cochin,17:50:00,01:30:00,460,2.0,No Info,18275
Multiple Carriers,2019-06-24,Delhi,Cochin,13:00:00,01:30:00,750,1.0,No Info,13377
Air Asia,2019-05-03,Kolkata,Banglore,10:20:00,12:55:00,155,0.0,No Info,4409
Spicejet,2019-03-09,Banglore,New Delhi,20:30:00,23:20:00,170,0.0,No Info,6205
Goair,2019-05-12,Kolkata,Banglore,16:40:00,00:15:00,455,1.0,No Info,8855
Multiple Carriers,2019-05-21,Delhi,Cochin,14:55:00,00:55:00,600,1.0,No Info,6878
Indigo,2019-05-12,Mumbai,Hyderabad,19:05:00,20:35:00,90,0.0,No Info,2754
Jet Airways,2019-06-12,Kolkata,Banglore,16:30:00,20:45:00,1695,1.0,In-flight meal not included,8529
Indigo,2019-05-01,Banglore,Delhi,04:00:00,06:50:00,170,0.0,No Info,3943
Air India,2019-05-21,Mumbai,Hyderabad,21:05:00,22:25:00,80,0.0,No Info,3100
Jet Airways,2019-05-03,Mumbai,Hyderabad,07:05:00,08:30:00,85,0.0,In-flight meal not included,4995
Jet Airways,2019-06-15,Delhi,Cochin,09:35:00,04:25:00,1130,2.0,In-flight meal not included,11507
Jet Airways,2019-03-21,Delhi,Cochin,10:20:00,18:50:00,1950,2.0,In-flight meal not included,9254
Jet Airways,2019-05-09,Delhi,Cochin,18:15:00,12:35:00,1100,1.0,In-flight meal not included,12373
Air India,2019-03-27,Delhi,Cochin,07:05:00,09:25:00,1580,2.0,No Info,6565
Indigo,2019-03-03,Mumbai,Hyderabad,20:05:00,21:35:00,90,0.0,No Info,5232
Jet Airways,2019-04-01,Kolkata,Banglore,06:30:00,16:20:00,590,1.0,No Info,12996
Multiple Carriers,2019-03-27,Delhi,Cochin,09:45:00,22:20:00,755,1.0,No Info,6601
Multiple Carriers,2019-05-18,Delhi,Cochin,19:00:00,01:30:00,390,1.0,No Info,8283
Multiple Carriers,2019-03-03,Delhi,Cochin,07:05:00,21:20:00,855,2.0,No Info,8291
Indigo,2019-05-27,Chennai,Kolkata,14:45:00,17:05:00,140,0.0,No Info,3597
Indigo,2019-03-24,Banglore,New Delhi,23:30:00,02:20:00,170,0.0,No Info,5694
Jet Airways,2019-05-18,Kolkata,Banglore,18:55:00,04:40:00,585,1.0,No Info,13941
Air India,2019-03-15,Banglore,New Delhi,10:30:00,11:20:00,1490,1.0,No Info,7013
Air India,2019-06-27,Delhi,Cochin,06:50:00,07:40:00,1490,2.0,No Info,14431
Jet Airways,2019-05-21,Delhi,Cochin,21:50:00,19:00:00,1270,1.0,No Info,16079
Spicejet,2019-06-27,Chennai,Kolkata,08:20:00,10:35:00,135,0.0,No check-in baggage included,3543
Jet Airways,2019-06-06,Delhi,Cochin,05:30:00,19:00:00,810,2.0,In-flight meal not included,11507
Air India,2019-03-24,Banglore,New Delhi,10:00:00,12:45:00,165,0.0,No Info,4441
Air Asia,2019-03-24,Kolkata,Banglore,19:55:00,23:30:00,215,1.0,No Info,5554
Multiple Carriers,2019-06-06,Delhi,Cochin,10:20:00,01:30:00,910,1.0,No Info,6795
Multiple Carriers,2019-06-15,Delhi,Cochin,10:35:00,19:00:00,505,1.0,No Info,10877
Jet Airways,2019-06-12,Delhi,Cochin,05:30:00,04:25:00,1375,2.0,In-flight meal not included,10368
Jet Airways,2019-06-09,Kolkata,Banglore,09:35:00,19:10:00,575,1.0,In-flight meal not included,13994
Indigo,2019-03-03,Delhi,Cochin,20:30:00,01:35:00,305,1.0,No Info,8258
Jet Airways,2019-06-18,Banglore,Delhi,06:00:00,08:45:00,165,0.0,In-flight meal not included,6478
Air India,2019-03-03,Banglore,New Delhi,21:10:00,23:55:00,165,0.0,No Info,7591
Multiple Carriers,2019-06-09,Delhi,Cochin,17:00:00,01:30:00,510,1.0,No Info,7408
Multiple Carriers,2019-06-06,Delhi,Cochin,17:50:00,01:30:00,460,2.0,No Info,18275
Jet Airways,2019-03-18,Banglore,New Delhi,08:00:00,15:15:00,435,1.0,No Info,12284
Multiple Carriers,2019-03-06,Delhi,Cochin,10:20:00,19:15:00,535,1.0,No Info,15353
Jet Airways,2019-05-21,Kolkata,Banglore,20:00:00,18:15:00,1335,1.0,In-flight meal not included,10844
Jet Airways,2019-05-06,Kolkata,Banglore,16:30:00,04:40:00,730,1.0,In-flight meal not included,8586
Jet Airways,2019-06-09,Kolkata,Banglore,18:55:00,18:15:00,1400,1.0,In-flight meal not included,10844
Jet Airways,2019-06-09,Delhi,Cochin,11:30:00,04:25:00,1015,1.0,In-flight meal not included,10262
Vistara,2019-04-09,Banglore,Delhi,09:45:00,12:35:00,170,0.0,No Info,5403
Air India,2019-06-09,Delhi,Cochin,09:45:00,09:25:00,1420,1.0,No Info,7690
Jet Airways,2019-06-27,Delhi,Cochin,19:15:00,12:35:00,1040,1.0,In-flight meal not included,10262
Vistara,2019-05-06,Chennai,Kolkata,07:05:00,09:20:00,135,0.0,No Info,3687
Jet Airways,2019-06-06,Delhi,Cochin,22:50:00,19:00:00,1210,1.0,No Info,14714
Multiple Carriers,2019-05-27,Delhi,Cochin,10:20:00,21:00:00,640,1.0,No Info,7005
Indigo,2019-06-06,Kolkata,Banglore,11:30:00,14:05:00,155,0.0,No Info,5224
Jet Airways,2019-03-27,Delhi,Cochin,11:30:00,18:50:00,440,1.0,In-flight meal not included,6017
Jet Airways,2019-06-09,Banglore,Delhi,11:10:00,14:05:00,175,0.0,No Info,8016
Jet Airways,2019-05-06,Kolkata,Banglore,20:25:00,18:00:00,1295,1.0,In-flight meal not included,9314
Indigo,2019-03-09,Banglore,New Delhi,19:30:00,00:40:00,310,1.0,No Info,7280
Indigo,2019-06-03,Delhi,Cochin,05:10:00,10:05:00,295,1.0,No Info,6842
Multiple Carriers,2019-04-09,Delhi,Cochin,19:00:00,01:30:00,390,1.0,No Info,7363
Vistara,2019-05-24,Kolkata,Banglore,17:00:00,20:20:00,1640,1.0,No Info,9870
Air India,2019-03-09,Banglore,New Delhi,13:20:00,16:10:00,170,0.0,No Info,8851
Indigo,2019-06-27,Delhi,Cochin,07:35:00,16:10:00,515,1.0,No Info,6442
Jet Airways,2019-06-06,Kolkata,Banglore,20:00:00,04:40:00,520,1.0,In-flight meal not included,8586
Jet Airways,2019-05-03,Banglore,Delhi,11:10:00,14:05:00,175,0.0,No Info,7229
Air India,2019-03-15,Banglore,New Delhi,05:50:00,12:05:00,1815,2.0,No Info,7664
Spicejet,2019-04-21,Kolkata,Banglore,22:20:00,00:40:00,140,0.0,No Info,4911
Jet Airways,2019-03-27,Delhi,Cochin,20:50:00,19:45:00,1375,1.0,No Info,12032
Air India,2019-03-21,Delhi,Cochin,20:30:00,23:00:00,1590,1.0,No Info,5704
Jet Airways,2019-05-01,Kolkata,Banglore,18:55:00,10:05:00,910,1.0,No Info,13941
Air India,2019-05-15,Kolkata,Banglore,16:45:00,21:05:00,1700,1.0,No Info,7452
Jet Airways,2019-06-12,Kolkata,Banglore,09:35:00,19:10:00,575,1.0,No Info,12692
Jet Airways,2019-06-12,Mumbai,Hyderabad,07:05:00,08:30:00,85,0.0,No Info,8040
Indigo,2019-05-06,Banglore,Delhi,22:10:00,01:00:00,170,0.0,No Info,3419
Air India,2019-05-12,Kolkata,Banglore,12:00:00,21:50:00,590,2.0,No Info,10676
Jet Airways,2019-06-12,Delhi,Cochin,09:40:00,04:25:00,1125,2.0,No Info,13014
Jet Airways,2019-03-18,Banglore,New Delhi,22:50:00,10:25:00,695,1.0,In-flight meal not included,11087
Multiple Carriers,2019-05-21,Delhi,Cochin,08:00:00,21:00:00,780,1.0,No Info,14277
Air India,2019-05-01,Kolkata,Banglore,05:50:00,20:25:00,875,2.0,No Info,10991
Jet Airways,2019-06-15,Mumbai,Hyderabad,10:20:00,11:50:00,90,0.0,No Info,5678
Indigo,2019-05-27,Chennai,Kolkata,07:55:00,10:15:00,140,0.0,No Info,3850
Jet Airways,2019-06-27,Delhi,Cochin,20:00:00,04:25:00,505,2.0,No Info,16263
Jet Airways,2019-06-12,Kolkata,Banglore,06:30:00,19:50:00,800,1.0,No Info,13626
Jet Airways,2019-06-09,Delhi,Cochin,11:00:00,14:15:00,195,0.0,No Info,9564
Jet Airways,2019-05-09,Kolkata,Banglore,20:00:00,10:05:00,845,1.0,No Info,13584
